IP,Port,Country
173.245.58.254,2096,US
104.18.34.164,2083,US
173.245.59.173,2087,US
104.26.15.94,2087,US
108.162.198.113,443,US
8.35.211.74,443,US
104.19.63.14,2083,US
172.64.229.177,8443,US
162.159.44.34,443,US
104.19.43.225,443,US
172.67.66.64,443,US
8.39.125.209,2096,US
108.162.198.87,8443,US
104.19.62.240,8443,US
104.26.5.170,443,US
104.26.10.55,8443,US
172.64.228.209,2087,US
104.19.42.135,443,US
172.64.147.120,8443,US
104.19.40.114,443,US
104.19.39.224,2087,US
8.35.211.9,2087,US
198.41.223.56,443,US
8.39.125.191,2087,US
172.64.229.247,2053,US
198.41.223.253,2087,US
172.67.72.103,2096,US
104.26.10.211,443,US
173.245.59.59,2096,US
162.159.152.48,443,US
104.17.253.95,443,US
104.18.78.188,443,US
mfa.gov.ua,443,US
saas.sin.fan,443,US
store.ubi.com,443,US
cf.130519.xyz,443,US
cf.008500.xyz,443,US
cf.090227.xyz,443,US
cf.877774.xyz,443,US
cdns.doon.eu.org,443,US
sub.danfeng.eu.org,443,US
cf.zhetengsha.eu.org,443,US
